{
  "version": "2021.1",
  "applications": [],
  "platforms": [
    {
      "name": "design_1_wrapper"
    }
  ],
  "systems": [
    {
      "name": "hello_system",
      "platform": "C:/hdl_projects/mz_437/wksp/design_1_wrapper/export/design_1_wrapper/design_1_wrapper.xpfm",
      "sysConfig": "design_1_wrapper",
      "buildConfig": "Debug",
      "applications": [
        {
          "name": "hello",
          "platform": "C:/hdl_projects/mz_437/wksp/design_1_wrapper/export/design_1_wrapper/design_1_wrapper.xpfm",
          "platformPath": "C:\\hdl_projects\\mz_437\\wksp\\design_1_wrapper\\export\\design_1_wrapper",
          "sysConfig": "design_1_wrapper",
          "domain": "standalone_microblaze_0",
          "system": "hello_system"
        }
      ],
      "platformPath": "C:\\hdl_projects\\mz_437\\wksp\\design_1_wrapper\\export\\design_1_wrapper"
    }
  ],
  "others": []
}